{
  "hash": "821c4518",
  "configHash": "70619a6c",
  "lockfileHash": "bf4d75f1",
  "browserHash": "186ac793",
  "optimized": {
    "@angular/common": {
      "src": "../../../../../node_modules/@angular/common/fesm2022/common.mjs",
      "file": "@angular_common.js",
      "fileHash": "ea2ab907",
      "needsInterop": false
    },
    "@angular/core": {
      "src": "../../../../../node_modules/@angular/core/fesm2022/core.mjs",
      "file": "@angular_core.js",
      "fileHash": "446b9a92",
      "needsInterop": false
    },
    "@angular/platform-browser": {
      "src": "../../../../../node_modules/@angular/platform-browser/fesm2022/platform-browser.mjs",
      "file": "@angular_platform-browser.js",
      "fileHash": "4cc76495",
      "needsInterop": false
    },
    "@angular/router": {
      "src": "../../../../../node_modules/@angular/router/fesm2022/router.mjs",
      "file": "@angular_router.js",
      "fileHash": "b795e146",
      "needsInterop": false
    },
    "@angular/forms": {
      "src": "../../../../../node_modules/@angular/forms/fesm2022/forms.mjs",
      "file": "@angular_forms.js",
      "fileHash": "bd4a3367",
      "needsInterop": false
    }
  },
  "chunks": {
    "chunk-XSR3ZWI4": {
      "file": "chunk-XSR3ZWI4.js"
    },
    "chunk-PDERP6EP": {
      "file": "chunk-PDERP6EP.js"
    },
    "chunk-LMD6HBRU": {
      "file": "chunk-LMD6HBRU.js"
    }
  }
}